lead_days,n,n_weeks,wape,bias,exact,within10,p10,p90,chain_wape
-6,318,15,1.0,-1.0,0.0,0.0,36.99999999999999,2488.593932088638,1.0
-5,318,15,1.0,-1.0,0.0,0.0,36.99999999999999,2488.593932088638,1.0
-4,318,15,1.0,-1.0,0.0,0.0,36.99999999999999,2488.593932088638,1.0
-3,340,16,1.0,-1.0,0.0,0.0,31.0,2376.7344975735805,1.0
-2,340,16,1.0,-1.0,0.0,0.0,31.0,2376.7344975735805,1.0
-1,342,16,0.6588624125903211,-0.5808716290779631,0.2777777777777778,0.37719298245614036,0.9956493469132159,1966.586733428823,0.5854410549606552
0,343,16,0.11963411320419899,-0.013472597308253249,0.5072886297376094,0.8600583090379009,0.9172709848926449,1.0483997746622071,0.10594801723516462
1,345,16,0.17529349134082706,-0.02392016813712714,0.13333333333333333,0.6231884057971014,0.8167689085749409,1.1766505589070384,0.13220557980136308
2,345,16,0.24452528434139822,-0.0011645381497152427,0.0463768115942029,0.40869565217391307,0.6238554483181056,1.309856658940475,0.1495987888803243
3,344,16,0.3000072090456887,0.016974529887039798,0.0755813953488372,0.3430232558139535,0.5144891747081037,1.474437185693858,0.17185255837940652
4,355,16,0.4108656954788193,0.054483749147391715,0.022535211267605635,0.23943661971830985,0.2968813082136499,1.6555662934579116,0.23139927576817929
5,363,16,0.5370905400684305,0.06963383593321096,0.03305785123966942,0.14049586776859505,0.1738477851800672,2.1617242016111913,0.26859795152194044
6,361,16,0.5344453748426488,-0.00945494069173566,0.01662049861495845,0.11634349030470914,0.13513513513513511,2.5596214511040993,0.2430002939072473
7,361,16,0.5558839676369303,0.01212783301632017,0.036011080332409975,0.12742382271468145,0.14285714285714288,2.4843845682792387,0.2556105784427352
8,361,16,0.5739370816673968,0.008110176399802584,0.0332409972299169,0.11911357340720222,0.1515151515151515,2.521441889372278,0.2429808849380854
9,361,16,0.5940392282993862,0.023947895235929884,0.030470914127423823,0.11634349030470914,0.14543114543114546,2.5132408575031535,0.24862057683456348
10,360,16,0.6100433097283299,0.048242379206894066,0.04722222222222222,0.125,0.13927458008497165,2.644586493405311,0.25765406562449744
11,344,15,0.5859994002791009,0.0016982481229889167,0.014534883720930232,0.11046511627906977,0.1317605300810525,2.6311878723112816,0.19483144382806464
12,345,15,0.5877812633351401,0.03430807201264027,0.008695652173913044,0.10434782608695652,0.09698671171455385,2.783259168120853,0.2160927030112909
13,348,15,0.6152732766673971,0.048733089600608945,0.011494252873563218,0.10632183908045977,0.07407642416317395,2.8725482800645894,0.19989158891438985
14,346,15,0.6210427070478739,0.05715513165027045,0.017341040462427744,0.12716763005780346,0.073177902094863,2.798392012742206,0.20705075714763513
15,346,15,0.6342625162904956,0.05796533151879318,0.023121387283236993,0.11271676300578035,0.06745570754964095,2.8771512225449896,0.2145732178486166
16,346,15,0.6377945263934861,0.05176341010529715,0.02023121387283237,0.10982658959537572,0.06979750135379297,2.714285714285714,0.22879640628784295
17,347,15,0.6420329385170748,0.028293563380119253,0.03170028818443804,0.13256484149855907,0.06783846753249871,2.782309701228948,0.19447391790743537
18,327,14,0.6245436572911739,0.026240463801865396,0.01834862385321101,0.08868501529051988,0.07935631644387241,2.7001460700615385,0.20769809215393759
19,332,14,0.6376820822569104,0.046267995973268326,0.015060240963855422,0.10843373493975904,0.04822294728278431,2.7073569234961767,0.19870768596344407
20,332,14,0.6560601098861114,0.06223847469344686,0.006024096385542169,0.1144578313253012,0.05143555508047707,2.8315354718223404,0.19419883806959454
21,331,14,0.6598382030103458,0.05992795546337736,0.027190332326283987,0.1268882175226586,0.058451816745655624,2.8854748603351954,0.19382891241858605
22,331,14,0.663764872830477,0.06440648158255406,0.015105740181268883,0.12386706948640483,0.057722308892355696,2.896296296296296,0.1934984050746522
23,331,14,0.6564360998920545,0.052747759220851675,0.02416918429003021,0.11782477341389729,0.049026192075218245,2.8652849740932647,0.19542990212131137
24,330,14,0.6762513796407477,0.05728692888937404,0.021212121212121213,0.11515151515151516,0.048979668056404045,2.7459172141969095,0.20736758481000375
25,308,13,0.6705980385872701,0.02915197743734376,0.022727272727272728,0.1266233766233766,0.06517499591997532,2.667477287836858,0.16558553938850074
26,311,13,0.6824722774181142,0.02824498429587847,0.022508038585209004,0.12861736334405144,0.04000000000000001,2.8947368421052646,0.15949298121915262
27,315,13,0.6934138837254022,0.03795590026280367,0.022222222222222223,0.10793650793650794,0.031070408166264503,2.9646560103430617,0.17472277418114224
28,315,13,0.6998205243253638,0.022819050060893534,0.031746031746031744,0.13015873015873017,0.03212011090769286,3.1446430913245367,0.17961669123774118
29,315,13,0.7079642330619832,0.025405422729312222,0.025396825396825397,0.12063492063492064,0.030822008137850496,3.04070737407614,0.17629959617973207
30,315,13,0.7232004358694956,0.05722389590410871,0.025396825396825397,0.12063492063492064,0.030822008137850496,3.295218423781318,0.19082430613422216
31,315,13,0.8232869687840523,0.22746618806486762,0.012698412698412698,0.12380952380952381,0.021491039454095664,2.8277394162508207,0.2995320812768412
32,292,12,0.782614436474429,0.15824863587299176,0.017123287671232876,0.13013698630136986,0.0403254536227,3.2945377725268794,0.24853684380787017
33,296,12,0.8087020244866162,0.16942242878976435,0.010135135135135136,0.125,0.04000000000000001,3.032528908179998,0.25201276816277757
34,298,12,0.8223581489464945,0.18172515440300258,0.020134228187919462,0.11409395973154363,0.030698310982252123,3.600158829936657,0.2735384117699486
35,298,12,0.8251837816604554,0.18010107578703444,0.013422818791946308,0.12080536912751678,0.028019956040740097,3.364169389768058,0.27042889539547305
36,296,12,0.8177763987046983,0.17619932594135493,0.02364864864864865,0.13175675675675674,0.02804963567266072,3.3497514160260256,0.2568354894187317
37,296,12,0.8249857232926543,0.18840632334348933,0.02364864864864865,0.11824324324324324,0.02512196019792008,3.280494902282325,0.24591587140730373
38,296,12,0.8268573748683737,0.20834750000825245,0.0033783783783783786,0.125,0.02521912849693691,3.5594531077484124,0.23863062444502395
39,272,11,0.8020863135192235,0.2221806524498045,0.014705882352941176,0.13970588235294118,0.032959489368433494,2.958886744088745,0.2698342833248971
40,273,11,0.8207927111071986,0.22753581724949934,0.014652014652014652,0.12087912087912088,0.038532370504106565,2.89319240670379,0.2803612168695027
41,275,11,0.8532978278571272,0.2561162584270487,0.014545454545454545,0.12,0.037134046612003056,3.258859999441729,0.305178371002883
42,275,11,0.8495675521028192,0.25622262813882346,0.02181818181818182,0.11272727272727273,0.019295747454722276,3.170021370569656,0.30136006514227864
43,275,11,0.8527989905881145,0.2525290315954723,0.025454545454545455,0.13090909090909092,0.023904341030731413,3.6974573841423117,0.30853818672652716
44,275,11,0.8574499145374385,0.2606131296903541,0.03272727272727273,0.12727272727272726,0.022577422545150022,3.3340306979720333,0.3131817748336598
45,272,11,0.8516582671273576,0.2578585209474974,0.022058823529411766,0.11764705882352941,0.02772471448301371,3.167416396786547,0.31898809392812344
46,248,10,0.8621329199201312,0.26560851284881737,0.036290322580645164,0.16532258064516128,0.03188694135057393,3.1546033286482813,0.3296496810116719
47,250,10,0.9061784711287154,0.30400480511680006,0.012,0.12,0.034506818895752064,2.9457005643038103,0.36583821691206314
48,252,10,0.8356723105144397,0.23680216230256002,0.023809523809523808,0.12698412698412698,0.020653724501151178,3.110507726750333,0.2694477362380481
49,252,10,0.8095850716709144,0.20334491323192805,0.015873015873015872,0.12698412698412698,0.020718157505427427,3.2954160559942047,0.2492938426324248
50,251,10,0.7911478709761205,0.18048408305059982,0.00796812749003984,0.10756972111553785,0.020408163265306124,2.9805258033106132,0.2253210175159494
51,251,10,0.790287495332868,0.1810360221424977,0.0199203187250996,0.13545816733067728,0.020408163265306124,2.7849779086892488,0.22543465203486956
52,251,10,0.7807137871138455,0.18091021249655037,0.027888446215139442,0.12749003984063745,0.022508038585209,2.92,0.22698900991867016
53,227,9,0.7682064124180141,0.17461702233452517,0.039647577092511016,0.1277533039647577,0.017392978628800827,2.9440614139767796,0.24167032053049584
54,224,9,0.8197191120432858,0.23601097515221922,0.0,0.11160714285714286,0.03386652871633044,2.5930977333935816,0.27662084646087504
55,227,9,0.8353184737848455,0.2505978022574098,0.022026431718061675,0.1013215859030837,0.03383614535133512,3.0898001094089116,0.2861811623355196
56,226,9,0.7919783751531233,0.1756250367269818,0.035398230088495575,0.11504424778761062,0.025907562873781795,3.1500810243649813,0.22457023781003224
